{
  "train_loss": [
    0.17764262554458513,
    0.07741340420366853,
    0.050812718843265416,
    0.037569092207778376,
    0.02995835997386511,
    0.024871634144260826,
    0.02319799560389944,
    0.01759301419599493,
    0.016385586323814365,
    0.016381725714447282
  ],
  "train_acc": [
    0.9309795593310326,
    0.9731882134324396,
    0.9831696310061057,
    0.9871515795062384,
    0.9899123971329971,
    0.9923015662330767,
    0.9915051765330501,
    0.9941067162198035,
    0.9946376426864879,
    0.9945845500398195
  ],
  "valid_loss": [
    0.08370842464970854,
    0.053411511402061254,
    0.058361019659075274,
    0.02410220410065534,
    0.033904363584017085,
    0.018209536694593177,
    0.018050914263936707,
    0.014495295920498676,
    0.01791444625199069,
    0.012793244553861242
  ],
  "valid_acc": [
    0.9694137638062872,
    0.9817332200509771,
    0.975785896346644,
    0.9929906542056075,
    0.9872557349192863,
    0.993840271877655,
    0.993840271877655,
    0.994052676295667,
    0.9934154630416313,
    0.9955395072217502
  ]
}