{
  "train_loss": [
    0.15377938871704316,
    0.0439658952985213,
    0.030938436149061145,
    0.02060037756575811,
    0.0167015621011004,
    0.014050131174055838,
    0.013372027463441169,
    0.011076526045682438,
    0.012215558205723826,
    0.008069592712869566
  ],
  "train_acc": [
    0.942447571011415,
    0.9848685956994956,
    0.9892752853729758,
    0.9928855853464296,
    0.994159808866472,
    0.9951685691531723,
    0.9954871250331829,
    0.9964427926732148,
    0.9960711441465357,
    0.9976108308999203
  ],
  "valid_loss": [
    0.05521072688913677,
    0.025182241607954316,
    0.017737457077291904,
    0.018457707031507332,
    0.025249644071844896,
    0.012390847169116025,
    0.01326102037519848,
    0.014435652526099565,
    0.009637420426958176,
    0.010037010626766724
  ],
  "valid_acc": [
    0.9796091758708582,
    0.9908666100254885,
    0.9936278674596432,
    0.994052676295667,
    0.9902293967714528,
    0.9955395072217502,
    0.9953271028037384,
    0.9953271028037384,
    0.9957519116397621,
    0.995964316057774
  ]
}