{
  "train_loss": [
    0.05813512500098115,
    0.02030526206414293,
    0.017499133237698583,
    0.014572798911356193,
    0.01040028790465325,
    0.01158950725823278,
    0.01218600213803428,
    0.00941675611077177,
    0.012810466080874883,
    0.00675391513607239
  ],
  "train_acc": [
    0.978338200159278,
    0.9933634191664454,
    0.9937881603397929,
    0.9954871250331829,
    0.9963366073798778,
    0.9963897000265464,
    0.996230422086541,
    0.9975046456065835,
    0.9954871250331829,
    0.9976108308999203
  ],
  "valid_loss": [
    0.015241024541124004,
    0.007221940242465405,
    0.012036526624055544,
    0.003500803642952093,
    0.00638442324249709,
    0.0031191653831731947,
    0.0026926594713487474,
    0.0025989381673685087,
    0.019785606536880954,
    0.0012001170849963584
  ],
  "valid_acc": [
    0.9955395072217502,
    0.9976635514018691,
    0.9951146983857264,
    0.9987255734919286,
    0.9978759558198811,
    0.9985131690739167,
    0.9989379779099405,
    0.9991503823279524,
    0.9936278674596432,
    0.9993627867459643
  ]
}