{
  "train_loss": [
    0.18062351082605171,
    0.07562647167784103,
    0.05227038121156994,
    0.03733141722475538,
    0.03257525937115259,
    0.028474933112953436,
    0.021706133850961172,
    0.021587273454174195,
    0.018112987223201694,
    0.016224572705033403
  ],
  "train_acc": [
    0.9300769843376693,
    0.9718078046190602,
    0.9814706663127157,
    0.9875763206795859,
    0.989540748606318,
    0.9906556941863552,
    0.992089195646403,
    0.9923546588797452,
    0.9938412529864614,
    0.9941067162198035
  ],
  "valid_loss": [
    0.09227408764024558,
    0.05236693696706803,
    0.03698840777855762,
    0.027434324480105785,
    0.03189981104125575,
    0.02016072142426124,
    0.020310722938726895,
    0.023000104899993743,
    0.0200026275660485,
    0.014907701842220991
  ],
  "valid_acc": [
    0.9649532710280374,
    0.9802463891248938,
    0.9887425658453696,
    0.9904418011894648,
    0.9883177570093458,
    0.9925658453695837,
    0.9932030586236194,
    0.9921410365335599,
    0.9929906542056075,
    0.993840271877655
  ]
}