{
  "train_loss": [
    0.13821409762870865,
    0.023839565158337316,
    0.014041556135998785,
    0.014823543467540811,
    0.009517218020891971,
    0.00842331720911873,
    0.006778885965887498,
    0.006837414342816474,
    0.006893961757213332,
    0.004127163801556735
  ],
  "train_acc": [
    0.9507831165383595,
    0.9919299177063977,
    0.9955933103265198,
    0.9951154765065039,
    0.9971860897265729,
    0.9975046456065835,
    0.9979293867799309,
    0.9975577382532519,
    0.9975577382532519,
    0.9984603132466153
  ],
  "valid_loss": [
    0.032506525691775895,
    0.013782464343059046,
    0.005997074676061187,
    0.007095650886302148,
    0.013314907374663615,
    0.005226404693036097,
    0.004171298386509442,
    0.0026455034995496456,
    0.005402870229923497,
    0.0024273769752297383
  ],
  "valid_acc": [
    0.9883177570093458,
    0.9942650807136788,
    0.9983007646559049,
    0.9972387425658453,
    0.9966015293118097,
    0.9983007646559049,
    0.9983007646559049,
    0.9983007646559049,
    0.9980883602378929,
    0.9991503823279524
  ]
}