{
  "train_loss": [
    0.03771553498065521,
    0.014350897008342507,
    0.011350879705305707,
    0.0080114208850534,
    0.008642737227989859,
    0.0075867716400490805,
    0.0071973713629165945,
    0.009599168474797394,
    0.006100572542562862,
    0.003009197209783264
  ],
  "train_acc": [
    0.9869392089195647,
    0.995380939739846,
    0.99660207061322,
    0.9976639235465888,
    0.9976108308999203,
    0.9976639235465888,
    0.9980355720732679,
    0.9972391823732413,
    0.9980886647199363,
    0.9989912397132997
  ],
  "valid_loss": [
    0.015180429347775743,
    0.0027355858176076582,
    0.004351077756235234,
    0.0016344469481455134,
    0.0012818677879791998,
    0.0020143223848978066,
    0.0044363448721038675,
    0.006144688081502907,
    0.0005325423433048981,
    0.0007869623823107982
  ],
  "valid_acc": [
    0.9944774851316908,
    0.9989379779099405,
    0.9985131690739167,
    0.9995751911639762,
    0.9995751911639762,
    0.9991503823279524,
    0.9985131690739167,
    0.9983007646559049,
    0.9997875955819882,
    0.9997875955819882
  ]
}