{
  "train_loss": [
    0.04334055673886553,
    0.01836740713016327,
    0.009952939269344334,
    0.013576770361929192,
    0.010590096168938993,
    0.011003514568606853,
    0.00974380010254317,
    0.006562396563112771,
    0.008359523151958106,
    0.011000233847506315
  ],
  "train_acc": [
    0.9848685956994956,
    0.9941067162198035,
    0.9965489779665516,
    0.9953278470931776,
    0.9967613485532254,
    0.9960180514998672,
    0.9964427926732148,
    0.9976108308999203,
    0.9972391823732413,
    0.9964958853198832
  ],
  "valid_loss": [
    0.011804220590148302,
    0.0065296726838781315,
    0.005650690982472137,
    0.0023058050824274856,
    0.0020292480238265718,
    0.003790567544200509,
    0.002328145576258509,
    0.0060479378656054135,
    0.0007843239477111382,
    0.0038869228586657146
  ],
  "valid_acc": [
    0.9955395072217502,
    0.9978759558198811,
    0.9983007646559049,
    0.9989379779099405,
    0.9995751911639762,
    0.9985131690739167,
    0.9993627867459643,
    0.9978759558198811,
    1.0,
    0.9989379779099405
  ]
}