{
  "train_loss": [
    0.1180180908626656,
    0.031196932139788403,
    0.023151805043414103,
    0.019170588118277335,
    0.016372013579953174,
    0.013586571575851072,
    0.012961822106382548,
    0.011110731166646593,
    0.009342102639036926,
    0.008444667191814593
  ],
  "train_acc": [
    0.9534377488717812,
    0.9894876559596496,
    0.9923546588797452,
    0.9934165118131139,
    0.9947438279798247,
    0.9955402176798513,
    0.9962835147332094,
    0.996230422086541,
    0.9971329970799044,
    0.9968144411998938
  ],
  "valid_loss": [
    0.019906647527311867,
    0.009090292769560976,
    0.0067606404342213065,
    0.006338183501145686,
    0.004305356072171725,
    0.00337715747645108,
    0.0028677852827297587,
    0.00372385043588887,
    0.001629144897466955,
    0.0018912074125320244
  ],
  "valid_acc": [
    0.9925658453695837,
    0.9972387425658453,
    0.9974511469838573,
    0.9978759558198811,
    0.9985131690739167,
    0.9983007646559049,
    0.9991503823279524,
    0.9983007646559049,
    0.9995751911639762,
    0.9991503823279524
  ]
}