{
  "train_loss": [
    0.0728018143614492,
    0.022429514687534395,
    0.011585640905507528,
    0.00930645776800574,
    0.009315729974493392,
    0.00864161168531399,
    0.005076404835782571,
    0.0074846730147054555,
    0.0038227389204289696,
    0.00635963005733765
  ],
  "train_acc": [
    0.971542341385718,
    0.9921422882930714,
    0.9961242367932042,
    0.9970268117865676,
    0.9968675338465622,
    0.996708255906557,
    0.9984603132466153,
    0.9976108308999203,
    0.9985664985399522,
    0.9978232014865941
  ],
  "valid_loss": [
    0.008735345101289406,
    0.007504135477545528,
    0.018476205710507614,
    0.0034986782566989046,
    0.004928151357785649,
    0.003218805476809952,
    0.0011370895026800022,
    0.005971374757430002,
    0.01057966605938143,
    0.0013540061925861907
  ],
  "valid_acc": [
    0.9968139337298216,
    0.9970263381478335,
    0.9927782497875955,
    0.9993627867459643,
    0.9983007646559049,
    0.9989379779099405,
    0.9995751911639762,
    0.9980883602378929,
    0.9966015293118097,
    0.9993627867459643
  ]
}