{
  "train_loss": [
    0.16160989529931613,
    0.05129348212140552,
    0.03799806044750729,
    0.0253484090148833,
    0.020274163747291872,
    0.017651116452284923,
    0.015084264648745476,
    0.014795094697126253,
    0.012064393357140634,
    0.009409428254072481
  ],
  "train_acc": [
    0.9365011945845501,
    0.9835943721794531,
    0.9885850809662862,
    0.992567029466419,
    0.9938412529864614,
    0.9947438279798247,
    0.9958056809131935,
    0.9955933103265198,
    0.9959118662065304,
    0.9972391823732413
  ],
  "valid_loss": [
    0.06173574592769399,
    0.03536401621181559,
    0.016310355114096186,
    0.0177752602348514,
    0.013474531851537975,
    0.013653242001555283,
    0.012904493719331063,
    0.01227742444111403,
    0.00812949218704961,
    0.008739851939792808
  ],
  "valid_acc": [
    0.9830076465590484,
    0.987892948173322,
    0.9953271028037384,
    0.9929906542056075,
    0.9934154630416313,
    0.9953271028037384,
    0.9951146983857264,
    0.9955395072217502,
    0.9970263381478335,
    0.9966015293118097
  ]
}