{
  "train_loss": [
    0.15738027921786574,
    0.04787677749660126,
    0.02842345564162103,
    0.016929040355239493,
    0.014219203776642415,
    0.012008535305885729,
    0.011419435432610946,
    0.008711051672540012,
    0.0069280098532028605,
    0.0076648518565634195
  ],
  "train_acc": [
    0.9405362357313513,
    0.9833820015927794,
    0.9902840456596761,
    0.994159808866472,
    0.9950623838598354,
    0.995858773559862,
    0.9963366073798778,
    0.9971860897265729,
    0.9977701088399257,
    0.9975577382532519
  ],
  "valid_loss": [
    0.04878803119799257,
    0.04482265114534991,
    0.018490881684411098,
    0.012468201336557697,
    0.015263968321812057,
    0.009034373624979842,
    0.02048987671479697,
    0.009824108053492087,
    0.006878468049470798,
    0.011628120877242354
  ],
  "valid_acc": [
    0.9830076465590484,
    0.9817332200509771,
    0.9942650807136788,
    0.995964316057774,
    0.994052676295667,
    0.9963891248937978,
    0.9936278674596432,
    0.9966015293118097,
    0.9970263381478335,
    0.9951146983857264
  ]
}