{
  "train_loss": [
    0.09384694383604507,
    0.035225432947115345,
    0.021465990525940573,
    0.019629617171514832,
    0.01710011535369894,
    0.014991180089920194,
    0.015764602269870528,
    0.01404576070375509,
    0.014763109176097888,
    0.010692538338089582
  ],
  "train_acc": [
    0.9623573135120785,
    0.9867799309795593,
    0.9930979559331032,
    0.9930448632864348,
    0.994159808866472,
    0.9944783647464827,
    0.9948500132731617,
    0.9946907353331563,
    0.9951685691531723,
    0.9960180514998672
  ],
  "valid_loss": [
    0.024579787055566946,
    0.02076650245208926,
    0.013767548688998352,
    0.01994369481353939,
    0.018776770605230524,
    0.01147988655435981,
    0.016337265954459737,
    0.02102814217665001,
    0.011498072928908861,
    0.0075351510177340325
  ],
  "valid_acc": [
    0.9908666100254885,
    0.9934154630416313,
    0.9949022939677146,
    0.9929906542056075,
    0.9934154630416313,
    0.9961767204757859,
    0.9942650807136788,
    0.9932030586236194,
    0.9955395072217502,
    0.9972387425658453
  ]
}