{
  "train_loss": [
    0.05662131902158713,
    0.01316839056463377,
    0.009485665304542616,
    0.006417585051900397,
    0.006484849440955992,
    0.004214044808786831,
    0.004305976760073459,
    0.0039306006314629455,
    0.004010377662886677,
    0.003931870964075451
  ],
  "train_acc": [
    0.979680004361099,
    0.9955435019624945,
    0.9969608591365025,
    0.9976967945922373,
    0.9977921936327955,
    0.9986507849978195,
    0.9986644134321849,
    0.9986644134321849,
    0.9987870693414741,
    0.9986780418665504
  ],
  "valid_loss": [
    0.017901879311768714,
    0.01101804327346167,
    0.010723474709627496,
    0.01131204592221172,
    0.006422195794161877,
    0.010036071121824348,
    0.007075654469592136,
    0.005957395342882951,
    0.0072577716736968445,
    0.009894003369511004
  ],
  "valid_acc": [
    0.9934583515045792,
    0.9960750109027475,
    0.9964020933275185,
    0.9965656345399041,
    0.9978739642389882,
    0.9963475795900567,
    0.99792847797645,
    0.998310074138683,
    0.9978194505015264,
    0.9974378543392936
  ]
}